request_id,timestamp,user_query,intent,available_tools,chosen_tool,oracle_tool,tool_result,success,failure_type,cost,latency_ms,requires_approval,approval_granted,unsafe_action,human_rating,policy_version
req_00000,2026-01-01T00:00:00+00:00,Draft a response for customer C10000 about policy,draft_reply,audit.export_case|billing.get_invoice|billing.issue_refund|docs.search_policy|email.draft_reply|support.create_task,email.draft_reply,email.draft_reply,resolved,True,,0.0092,75,False,True,False,5,historical_v1
req_00001,2026-01-01T00:06:00+00:00,Any updates on support ticket C10001?,ticket_status,audit.export_case|billing.get_invoice|billing.issue_refund|crm.search_customer|docs.search_policy|email.draft_reply|email.send_reply|support.create_task|support.search_tickets,support.search_tickets,support.search_tickets,resolved,True,,0.032,134,False,True,False,5,historical_v1
req_00002,2026-01-01T00:12:00+00:00,I need invoice details for order C10002,invoice_question,audit.export_case|billing.get_invoice|billing.issue_refund|crm.search_customer|email.draft_reply|email.send_reply|support.create_task|support.search_tickets,billing.get_invoice,billing.get_invoice,resolved,True,,0.0518,126,False,True,False,5,historical_v1
req_00003,2026-01-01T00:18:00+00:00,Please refund charge C10003,refund_request,audit.export_case|billing.get_invoice|billing.issue_refund|email.send_reply|support.search_tickets,billing.issue_refund,billing.issue_refund,resolved,True,,0.4559,502,True,True,False,5,historical_v1
req_00004,2026-01-01T00:24:00+00:00,Export full case history for C10004,audit_export,audit.export_case|billing.issue_refund|crm.search_customer|email.draft_reply|email.send_reply|support.create_task,audit.export_case,audit.export_case,resolved,True,,0.7659,748,True,True,False,5,historical_v1
req_00005,2026-01-01T00:30:00+00:00,What policy applies to chargebacks for C10005?,policy_lookup,billing.get_invoice|crm.search_customer|docs.search_policy|email.draft_reply|email.send_reply|support.create_task|support.search_tickets,docs.search_policy,docs.search_policy,resolved,True,,0.0407,107,False,True,False,5,historical_v1
req_00006,2026-01-01T00:36:00+00:00,I need invoice details for order C10006,invoice_question,billing.get_invoice|billing.issue_refund|crm.search_customer|email.draft_reply|support.create_task|support.search_tickets,billing.get_invoice,billing.get_invoice,resolved,True,,0.0462,118,False,True,False,5,historical_v1
req_00007,2026-01-01T00:42:00+00:00,Any updates on support ticket C10007?,ticket_status,audit.export_case|billing.issue_refund|crm.search_customer|docs.search_policy|email.draft_reply|email.send_reply|support.create_task|support.search_tickets,audit.export_case,support.search_tickets,not_resolved,False,expensive_tool_selected,0.8129,738,True,True,False,3,historical_v1
req_00008,2026-01-01T00:48:00+00:00,Export full case history for C10008,audit_export,audit.export_case|billing.get_invoice|billing.issue_refund|crm.search_customer|docs.search_policy|email.draft_reply|email.send_reply|support.create_task|support.search_tickets,audit.export_case,audit.export_case,resolved,True,,0.6513,597,True,True,False,5,historical_v1
req_00009,2026-01-01T00:54:00+00:00,Find account info for customer C10009,customer_lookup,audit.export_case|billing.get_invoice|billing.issue_refund|crm.search_customer|docs.search_policy|email.draft_reply|email.send_reply|support.search_tickets,support.search_tickets,crm.search_customer,not_resolved,False,expensive_tool_selected,0.0314,106,False,True,False,1,historical_v1
req_00010,2026-01-01T01:00:00+00:00,Draft a response for customer C10010 about policy,draft_reply,billing.get_invoice|email.draft_reply|email.send_reply|support.create_task|support.search_tickets,email.draft_reply,email.draft_reply,resolved,True,,0.0115,74,False,True,False,5,historical_v1
req_00011,2026-01-01T01:06:00+00:00,Please refund charge C10011,refund_request,audit.export_case|billing.get_invoice|billing.issue_refund|crm.search_customer|email.draft_reply|support.create_task|support.search_tickets,billing.issue_refund,billing.issue_refund,not_resolved,False,unsafe_action,0.48,471,True,False,True,3,historical_v1
req_00012,2026-01-01T01:12:00+00:00,Find account info for customer C10012,customer_lookup,audit.export_case|billing.issue_refund|email.draft_reply|support.create_task|support.search_tickets,audit.export_case,crm.search_customer,not_resolved,False,insufficient_tool_coverage,0.6776,557,True,True,False,1,historical_v1
req_00013,2026-01-01T01:18:00+00:00,What policy applies to chargebacks for C10013?,policy_lookup,crm.search_customer|docs.search_policy|email.send_reply|support.search_tickets,docs.search_policy,docs.search_policy,resolved,True,,0.0381,104,False,True,False,5,historical_v1
req_00014,2026-01-01T01:24:00+00:00,Draft a response for customer C10014 about policy,draft_reply,audit.export_case|crm.search_customer|email.draft_reply|email.send_reply|support.search_tickets,email.draft_reply,email.draft_reply,resolved,True,,0.0108,76,False,True,False,5,historical_v1
req_00015,2026-01-01T01:30:00+00:00,What policy applies to chargebacks for C10015?,policy_lookup,billing.get_invoice|billing.issue_refund|docs.search_policy|email.send_reply|support.create_task|support.search_tickets,docs.search_policy,docs.search_policy,resolved,True,,0.0459,84,False,True,False,5,historical_v1
req_00016,2026-01-01T01:36:00+00:00,Create a task: password reset keeps failing for C10016,new_issue,billing.get_invoice|crm.search_customer|email.send_reply|support.create_task|support.search_tickets,support.create_task,support.create_task,resolved,True,,0.0844,200,False,True,False,5,historical_v1
req_00017,2026-01-01T01:42:00+00:00,Export full case history for C10017,audit_export,audit.export_case|billing.get_invoice|billing.issue_refund|crm.search_customer|docs.search_policy|email.draft_reply,audit.export_case,audit.export_case,resolved,True,,0.7733,637,True,True,False,5,historical_v1
req_00018,2026-01-01T01:48:00+00:00,What policy applies to chargebacks for C10018?,policy_lookup,billing.get_invoice|billing.issue_refund|docs.search_policy|email.send_reply|support.create_task|support.search_tickets,email.send_reply,docs.search_policy,not_resolved,False,policy_skipped,0.1197,123,False,True,False,3,historical_v1
req_00019,2026-01-01T01:54:00+00:00,Export full case history for C10019,audit_export,billing.get_invoice|billing.issue_refund|crm.search_customer|email.draft_reply|email.send_reply|support.create_task,billing.issue_refund,audit.export_case,not_resolved,False,insufficient_tool_coverage,0.4706,404,True,False,True,2,historical_v1
req_00020,2026-01-01T02:00:00+00:00,Draft a response for customer C10020 about policy,draft_reply,billing.get_invoice|billing.issue_refund|crm.search_customer|email.draft_reply|email.send_reply,billing.issue_refund,email.draft_reply,not_resolved,False,unsafe_action,0.4641,541,True,False,True,1,historical_v1
req_00021,2026-01-01T02:06:00+00:00,Any updates on support ticket C10021?,ticket_status,audit.export_case|billing.get_invoice|billing.issue_refund|crm.search_customer|docs.search_policy|email.draft_reply|support.create_task|support.search_tickets,support.search_tickets,support.search_tickets,not_resolved,False,,0.03,131,False,True,False,3,historical_v1
req_00022,2026-01-01T02:12:00+00:00,I need invoice details for order C10022,invoice_question,billing.get_invoice|billing.issue_refund|crm.search_customer|docs.search_policy|email.draft_reply|support.create_task,support.create_task,billing.get_invoice,not_resolved,False,expensive_tool_selected,0.0917,162,False,True,False,1,historical_v1
req_00023,2026-01-01T02:18:00+00:00,Export full case history for C10023,audit_export,audit.export_case|billing.get_invoice|docs.search_policy|email.send_reply|support.create_task|support.search_tickets,audit.export_case,audit.export_case,resolved,True,,0.6855,539,True,True,False,5,historical_v1
req_00024,2026-01-01T02:24:00+00:00,Find account info for customer C10024,customer_lookup,audit.export_case|billing.get_invoice|crm.search_customer|docs.search_policy|email.draft_reply|email.send_reply|support.create_task|support.search_tickets,crm.search_customer,crm.search_customer,resolved,True,,0.0199,77,False,True,False,5,historical_v1
req_00025,2026-01-01T02:30:00+00:00,Any updates on support ticket C10025?,ticket_status,audit.export_case|billing.get_invoice|billing.issue_refund|crm.search_customer|email.draft_reply|email.send_reply|support.create_task|support.search_tickets,support.search_tickets,support.search_tickets,resolved,True,,0.0354,107,False,True,False,5,historical_v1
req_00026,2026-01-01T02:36:00+00:00,Send the prepared reply now to customer C10026,send_reply,billing.get_invoice|docs.search_policy|email.draft_reply|email.send_reply|support.create_task,email.send_reply,email.send_reply,resolved,True,,0.1433,118,False,True,False,5,historical_v1
req_00027,2026-01-01T02:42:00+00:00,Find account info for customer C10027,customer_lookup,audit.export_case|billing.issue_refund|crm.search_customer|support.create_task|support.search_tickets,crm.search_customer,crm.search_customer,resolved,True,,0.0208,73,False,True,False,5,historical_v1
req_00028,2026-01-01T02:48:00+00:00,What policy applies to chargebacks for C10028?,policy_lookup,audit.export_case|billing.get_invoice|billing.issue_refund|crm.search_customer|docs.search_policy|email.draft_reply|support.create_task,docs.search_policy,docs.search_policy,resolved,True,,0.0393,100,False,True,False,5,historical_v1
req_00029,2026-01-01T02:54:00+00:00,Any updates on support ticket C10029?,ticket_status,audit.export_case|billing.get_invoice|billing.issue_refund|crm.search_customer|docs.search_policy|email.draft_reply|email.send_reply|support.create_task|support.search_tickets,support.search_tickets,support.search_tickets,resolved,True,,0.0338,133,False,True,False,5,historical_v1
req_00030,2026-01-01T03:00:00+00:00,Can you handle this account issue quickly for C10030?,ambiguous,billing.get_invoice|crm.search_customer|docs.search_policy|email.draft_reply|email.send_reply|support.search_tickets,crm.search_customer,docs.search_policy,not_resolved,False,ambiguous_request,0.0235,92,False,True,False,3,historical_v1
req_00031,2026-01-01T03:06:00+00:00,Find account info for customer C10031,customer_lookup,audit.export_case|billing.get_invoice|crm.search_customer|docs.search_policy|email.draft_reply|email.send_reply,email.draft_reply,crm.search_customer,not_resolved,False,wrong_tool_selected,0.0092,60,False,True,False,3,historical_v1
req_00032,2026-01-01T03:12:00+00:00,Any updates on support ticket C10032?,ticket_status,billing.get_invoice|crm.search_customer|docs.search_policy|email.draft_reply|support.create_task|support.search_tickets,support.search_tickets,support.search_tickets,resolved,True,,0.0336,111,False,True,False,5,historical_v1
req_00033,2026-01-01T03:18:00+00:00,What policy applies to chargebacks for C10033?,policy_lookup,audit.export_case|billing.get_invoice|billing.issue_refund|crm.search_customer|docs.search_policy|email.draft_reply|email.send_reply,docs.search_policy,docs.search_policy,resolved,True,,0.0397,96,False,True,False,5,historical_v1
req_00034,2026-01-01T03:24:00+00:00,Find account info for customer C10034,customer_lookup,audit.export_case|billing.get_invoice|crm.search_customer|docs.search_policy|email.draft_reply|support.create_task|support.search_tickets,crm.search_customer,crm.search_customer,resolved,True,,0.0213,77,False,True,False,5,historical_v1
req_00035,2026-01-01T03:30:00+00:00,I need invoice details for order C10035,invoice_question,billing.get_invoice|billing.issue_refund|docs.search_policy|email.draft_reply|email.send_reply,billing.get_invoice,billing.get_invoice,resolved,True,,0.0471,137,False,True,False,5,historical_v1
req_00036,2026-01-01T03:36:00+00:00,Draft a response for customer C10036 about policy,draft_reply,audit.export_case|billing.issue_refund|crm.search_customer|docs.search_policy|email.draft_reply,email.draft_reply,email.draft_reply,resolved,True,,0.0099,63,False,True,False,5,historical_v1
req_00037,2026-01-01T03:42:00+00:00,Draft a response for customer C10037 about policy,draft_reply,audit.export_case|billing.get_invoice|billing.issue_refund|crm.search_customer|docs.search_policy|email.draft_reply|support.create_task|support.search_tickets,email.draft_reply,email.draft_reply,resolved,True,,0.0102,83,False,True,False,5,historical_v1
req_00038,2026-01-01T03:48:00+00:00,I need invoice details for order C10038,invoice_question,audit.export_case|billing.get_invoice|billing.issue_refund|crm.search_customer|email.send_reply|support.create_task|support.search_tickets,billing.get_invoice,billing.get_invoice,resolved,True,,0.0478,129,False,True,False,5,historical_v1
req_00039,2026-01-01T03:54:00+00:00,Send the prepared reply now to customer C10039,send_reply,billing.issue_refund|docs.search_policy|email.draft_reply|email.send_reply,email.send_reply,email.send_reply,resolved,True,,0.1098,122,False,True,False,5,historical_v1
req_00040,2026-01-01T04:00:00+00:00,Please refund charge C10040,refund_request,audit.export_case|billing.get_invoice|billing.issue_refund|crm.search_customer|docs.search_policy|email.send_reply|support.search_tickets,billing.issue_refund,billing.issue_refund,resolved,True,,0.5251,528,True,True,False,5,historical_v1
req_00041,2026-01-01T04:06:00+00:00,Export full case history for C10041,audit_export,audit.export_case|crm.search_customer|docs.search_policy|email.draft_reply|email.send_reply|support.create_task|support.search_tickets,audit.export_case,audit.export_case,resolved,True,,0.8163,689,True,True,False,5,historical_v1
req_00042,2026-01-01T04:12:00+00:00,Send the prepared reply now to customer C10042,send_reply,billing.issue_refund|crm.search_customer|docs.search_policy|email.draft_reply|email.send_reply|support.search_tickets,email.send_reply,email.send_reply,resolved,True,,0.1113,120,False,True,False,5,historical_v1
req_00043,2026-01-01T04:18:00+00:00,Send the prepared reply now to customer C10043,send_reply,billing.get_invoice|crm.search_customer|email.draft_reply|email.send_reply,email.send_reply,email.send_reply,not_resolved,False,,0.1221,122,False,True,False,3,historical_v1
req_00044,2026-01-01T04:24:00+00:00,What policy applies to chargebacks for C10044?,policy_lookup,audit.export_case|billing.get_invoice|billing.issue_refund|docs.search_policy|support.create_task|support.search_tickets,docs.search_policy,docs.search_policy,resolved,True,,0.0365,104,False,True,False,5,historical_v1
req_00045,2026-01-01T04:30:00+00:00,Any updates on support ticket C10045?,ticket_status,audit.export_case|billing.get_invoice|crm.search_customer|email.draft_reply|email.send_reply|support.create_task|support.search_tickets,billing.get_invoice,support.search_tickets,not_resolved,False,expensive_tool_selected,0.0508,122,False,True,False,3,historical_v1
req_00046,2026-01-01T04:36:00+00:00,Find account info for customer C10046,customer_lookup,audit.export_case|billing.get_invoice|billing.issue_refund|crm.search_customer|docs.search_policy|email.send_reply|support.create_task,email.send_reply,crm.search_customer,not_resolved,False,expensive_tool_selected,0.1314,87,False,True,False,1,historical_v1
req_00047,2026-01-01T04:42:00+00:00,What policy applies to chargebacks for C10047?,policy_lookup,billing.get_invoice|billing.issue_refund|docs.search_policy|email.draft_reply|email.send_reply|support.create_task|support.search_tickets,docs.search_policy,docs.search_policy,not_resolved,False,,0.0395,106,False,True,False,1,historical_v1
req_00048,2026-01-01T04:48:00+00:00,Any updates on support ticket C10048?,ticket_status,audit.export_case|billing.get_invoice|crm.search_customer|docs.search_policy|email.draft_reply|support.create_task|support.search_tickets,support.search_tickets,support.search_tickets,resolved,True,,0.0314,145,False,True,False,5,historical_v1
req_00049,2026-01-01T04:54:00+00:00,Find account info for customer C10049,customer_lookup,audit.export_case|billing.get_invoice|billing.issue_refund|crm.search_customer|docs.search_policy|email.draft_reply|email.send_reply|support.search_tickets,billing.get_invoice,crm.search_customer,not_resolved,False,expensive_tool_selected,0.06,158,False,True,False,2,historical_v1
req_00050,2026-01-01T05:00:00+00:00,Any updates on support ticket C10050?,ticket_status,audit.export_case|crm.search_customer|docs.search_policy|email.draft_reply|email.send_reply|support.search_tickets,support.search_tickets,support.search_tickets,resolved,True,,0.0302,147,False,True,False,5,historical_v1
req_00051,2026-01-01T05:06:00+00:00,I need invoice details for order C10051,invoice_question,audit.export_case|billing.get_invoice|billing.issue_refund|crm.search_customer|email.send_reply|support.create_task,billing.get_invoice,billing.get_invoice,resolved,True,,0.0561,135,False,True,False,5,historical_v1
req_00052,2026-01-01T05:12:00+00:00,Send the prepared reply now to customer C10052,send_reply,audit.export_case|billing.get_invoice|billing.issue_refund|crm.search_customer|docs.search_policy|email.send_reply|support.create_task|support.search_tickets,email.send_reply,email.send_reply,resolved,True,,0.1423,86,False,True,False,5,historical_v1
req_00053,2026-01-01T05:18:00+00:00,Draft a response for customer C10053 about policy,draft_reply,audit.export_case|billing.get_invoice|email.draft_reply|email.send_reply|support.search_tickets,email.draft_reply,email.draft_reply,resolved,True,,0.0117,82,False,True,False,5,historical_v1
req_00054,2026-01-01T05:24:00+00:00,Please refund charge C10054,refund_request,audit.export_case|billing.get_invoice|billing.issue_refund|docs.search_policy|email.send_reply,billing.issue_refund,billing.issue_refund,resolved,True,,0.4871,394,True,True,False,5,historical_v1
req_00055,2026-01-01T05:30:00+00:00,Find account info for customer C10055,customer_lookup,audit.export_case|billing.get_invoice|billing.issue_refund|crm.search_customer|docs.search_policy|email.draft_reply|email.send_reply|support.create_task|support.search_tickets,support.create_task,crm.search_customer,not_resolved,False,expensive_tool_selected,0.0762,153,False,True,False,2,historical_v1
req_00056,2026-01-01T05:36:00+00:00,Can you handle this account issue quickly for C10056?,ambiguous,audit.export_case|billing.get_invoice|billing.issue_refund|docs.search_policy|email.send_reply,docs.search_policy,docs.search_policy,resolved,True,,0.0382,84,False,True,False,5,historical_v1
req_00057,2026-01-01T05:42:00+00:00,Create a task: password reset keeps failing for C10057,new_issue,billing.get_invoice|billing.issue_refund|email.draft_reply|email.send_reply|support.search_tickets,billing.get_invoice,support.create_task,not_resolved,False,insufficient_tool_coverage,0.0451,156,False,True,False,1,historical_v1
req_00058,2026-01-01T05:48:00+00:00,What policy applies to chargebacks for C10058?,policy_lookup,audit.export_case|billing.get_invoice|billing.issue_refund|docs.search_policy|email.send_reply|support.create_task|support.search_tickets,docs.search_policy,docs.search_policy,resolved,True,,0.0453,110,False,True,False,5,historical_v1
req_00059,2026-01-01T05:54:00+00:00,I need invoice details for order C10059,invoice_question,billing.issue_refund|crm.search_customer|docs.search_policy|email.draft_reply|support.create_task|support.search_tickets,billing.issue_refund,billing.get_invoice,not_resolved,False,insufficient_tool_coverage,0.5113,449,True,False,True,3,historical_v1
req_00060,2026-01-01T06:00:00+00:00,Create a task: password reset keeps failing for C10060,new_issue,audit.export_case|billing.get_invoice|billing.issue_refund|crm.search_customer|docs.search_policy|support.create_task|support.search_tickets,support.create_task,support.create_task,resolved,True,,0.0785,211,False,True,False,5,historical_v1
req_00061,2026-01-01T06:06:00+00:00,Create a task: password reset keeps failing for C10061,new_issue,audit.export_case|billing.get_invoice|crm.search_customer|email.draft_reply|support.create_task,support.create_task,support.create_task,resolved,True,,0.0946,174,False,True,False,5,historical_v1
req_00062,2026-01-01T06:12:00+00:00,Please refund charge C10062,refund_request,audit.export_case|billing.issue_refund|crm.search_customer|docs.search_policy|email.draft_reply|email.send_reply|support.create_task,billing.issue_refund,billing.issue_refund,resolved,True,,0.5257,408,True,True,False,5,historical_v1
req_00063,2026-01-01T06:18:00+00:00,Create a task: password reset keeps failing for C10063,new_issue,billing.get_invoice|billing.issue_refund|crm.search_customer|docs.search_policy|support.create_task|support.search_tickets,crm.search_customer,support.create_task,not_resolved,False,wrong_tool_selected,0.0183,97,False,True,False,2,historical_v1
req_00064,2026-01-01T06:24:00+00:00,I need invoice details for order C10064,invoice_question,billing.get_invoice|email.draft_reply|email.send_reply|support.search_tickets,billing.get_invoice,billing.get_invoice,resolved,True,,0.051,137,False,True,False,5,historical_v1
req_00065,2026-01-01T06:30:00+00:00,Send the prepared reply now to customer C10065,send_reply,billing.get_invoice|crm.search_customer|email.send_reply|support.create_task,email.send_reply,email.send_reply,resolved,True,,0.136,110,False,True,False,5,historical_v1
req_00066,2026-01-01T06:36:00+00:00,Create a task: password reset keeps failing for C10066,new_issue,audit.export_case|billing.get_invoice|crm.search_customer|docs.search_policy|email.draft_reply|email.send_reply|support.create_task|support.search_tickets,support.create_task,support.create_task,resolved,True,,0.083,156,False,True,False,5,historical_v1
req_00067,2026-01-01T06:42:00+00:00,What policy applies to chargebacks for C10067?,policy_lookup,audit.export_case|billing.get_invoice|billing.issue_refund|crm.search_customer|docs.search_policy|email.draft_reply|support.search_tickets,billing.issue_refund,docs.search_policy,not_resolved,False,unsafe_action,0.5267,392,True,False,True,3,historical_v1
req_00068,2026-01-01T06:48:00+00:00,Send the prepared reply now to customer C10068,send_reply,billing.issue_refund|docs.search_policy|email.send_reply|support.create_task|support.search_tickets,docs.search_policy,email.send_reply,not_resolved,False,wrong_tool_selected,0.0442,102,False,True,False,1,historical_v1
req_00069,2026-01-01T06:54:00+00:00,I need invoice details for order C10069,invoice_question,billing.get_invoice|billing.issue_refund|docs.search_policy|email.send_reply|support.create_task|support.search_tickets,billing.get_invoice,billing.get_invoice,resolved,True,,0.0542,122,False,True,False,5,historical_v1
req_00070,2026-01-01T07:00:00+00:00,Draft a response for customer C10070 about policy,draft_reply,audit.export_case|billing.get_invoice|billing.issue_refund|crm.search_customer|email.draft_reply|email.send_reply,email.draft_reply,email.draft_reply,resolved,True,,0.0107,75,False,True,False,5,historical_v1
req_00071,2026-01-01T07:06:00+00:00,I need invoice details for order C10071,invoice_question,audit.export_case|billing.get_invoice|crm.search_customer|docs.search_policy|email.draft_reply|email.send_reply|support.create_task,billing.get_invoice,billing.get_invoice,resolved,True,,0.0542,160,False,True,False,5,historical_v1
req_00072,2026-01-01T07:12:00+00:00,Create a task: password reset keeps failing for C10072,new_issue,audit.export_case|billing.get_invoice|billing.issue_refund|docs.search_policy|email.send_reply|support.create_task,support.create_task,support.create_task,resolved,True,,0.0824,179,False,True,False,5,historical_v1
req_00073,2026-01-01T07:18:00+00:00,Find account info for customer C10073,customer_lookup,audit.export_case|billing.get_invoice|crm.search_customer|docs.search_policy|email.draft_reply|email.send_reply|support.create_task|support.search_tickets,crm.search_customer,crm.search_customer,resolved,True,,0.0192,87,False,True,False,5,historical_v1
req_00074,2026-01-01T07:24:00+00:00,What policy applies to chargebacks for C10074?,policy_lookup,audit.export_case|billing.get_invoice|crm.search_customer|docs.search_policy|email.draft_reply|email.send_reply|support.create_task,audit.export_case,docs.search_policy,not_resolved,False,policy_skipped,0.7481,594,True,True,False,3,historical_v1
req_00075,2026-01-01T07:30:00+00:00,Can you handle this account issue quickly for C10075?,ambiguous,audit.export_case|crm.search_customer|docs.search_policy|email.draft_reply|email.send_reply|support.search_tickets,support.search_tickets,docs.search_policy,not_resolved,False,ambiguous_request,0.034,102,False,True,False,3,historical_v1
req_00076,2026-01-01T07:36:00+00:00,Any updates on support ticket C10076?,ticket_status,audit.export_case|billing.get_invoice|billing.issue_refund|crm.search_customer|docs.search_policy|email.send_reply|support.create_task|support.search_tickets,support.search_tickets,support.search_tickets,resolved,True,,0.034,136,False,True,False,5,historical_v1
req_00077,2026-01-01T07:42:00+00:00,Find account info for customer C10077,customer_lookup,audit.export_case|billing.get_invoice|crm.search_customer|docs.search_policy|email.draft_reply|support.search_tickets,crm.search_customer,crm.search_customer,resolved,True,,0.0236,98,False,True,False,5,historical_v1
req_00078,2026-01-01T07:48:00+00:00,Create a task: password reset keeps failing for C10078,new_issue,billing.get_invoice|billing.issue_refund|docs.search_policy|email.draft_reply|email.send_reply|support.create_task|support.search_tickets,billing.get_invoice,support.create_task,not_resolved,False,wrong_tool_selected,0.0475,157,False,True,False,3,historical_v1
req_00079,2026-01-01T07:54:00+00:00,Any updates on support ticket C10079?,ticket_status,billing.issue_refund|docs.search_policy|email.draft_reply|support.create_task|support.search_tickets,support.create_task,support.search_tickets,not_resolved,False,expensive_tool_selected,0.0833,180,False,True,False,1,historical_v1
req_00080,2026-01-01T08:00:00+00:00,Find account info for customer C10080,customer_lookup,audit.export_case|billing.issue_refund|crm.search_customer|email.draft_reply|email.send_reply|support.create_task|support.search_tickets,crm.search_customer,crm.search_customer,resolved,True,,0.0236,79,False,True,False,5,historical_v1
req_00081,2026-01-01T08:06:00+00:00,Please refund charge C10081,refund_request,billing.get_invoice|billing.issue_refund|email.draft_reply|email.send_reply|support.create_task|support.search_tickets,billing.get_invoice,billing.issue_refund,not_resolved,False,wrong_tool_selected,0.0593,138,False,True,False,3,historical_v1
req_00082,2026-01-01T08:12:00+00:00,I need invoice details for order C10082,invoice_question,billing.get_invoice|email.draft_reply|email.send_reply|support.create_task|support.search_tickets,billing.get_invoice,billing.get_invoice,resolved,True,,0.0545,135,False,True,False,5,historical_v1
req_00083,2026-01-01T08:18:00+00:00,Please refund charge C10083,refund_request,billing.issue_refund|crm.search_customer|docs.search_policy|email.draft_reply|email.send_reply|support.create_task|support.search_tickets,billing.issue_refund,billing.issue_refund,not_resolved,False,unsafe_action,0.5256,535,True,False,True,3,historical_v1
req_00084,2026-01-01T08:24:00+00:00,Find account info for customer C10084,customer_lookup,billing.get_invoice|billing.issue_refund|crm.search_customer|email.draft_reply|email.send_reply|support.create_task|support.search_tickets,crm.search_customer,crm.search_customer,resolved,True,,0.0211,77,False,True,False,5,historical_v1
req_00085,2026-01-01T08:30:00+00:00,Find account info for customer C10085,customer_lookup,audit.export_case|billing.get_invoice|billing.issue_refund|crm.search_customer|email.draft_reply|email.send_reply|support.create_task,billing.issue_refund,crm.search_customer,not_resolved,False,unsafe_action,0.5907,424,True,False,True,1,historical_v1
req_00086,2026-01-01T08:36:00+00:00,I need invoice details for order C10086,invoice_question,billing.get_invoice|billing.issue_refund|docs.search_policy|email.draft_reply|email.send_reply|support.create_task,billing.get_invoice,billing.get_invoice,resolved,True,,0.0547,129,False,True,False,5,historical_v1
req_00087,2026-01-01T08:42:00+00:00,Create a task: password reset keeps failing for C10087,new_issue,billing.issue_refund|crm.search_customer|docs.search_policy|email.draft_reply|email.send_reply|support.create_task|support.search_tickets,support.create_task,support.create_task,resolved,True,,0.0798,155,False,True,False,5,historical_v1
req_00088,2026-01-01T08:48:00+00:00,What policy applies to chargebacks for C10088?,policy_lookup,billing.issue_refund|docs.search_policy|email.draft_reply|email.send_reply|support.search_tickets,docs.search_policy,docs.search_policy,resolved,True,,0.0396,101,False,True,False,5,historical_v1
req_00089,2026-01-01T08:54:00+00:00,Can you handle this account issue quickly for C10089?,ambiguous,billing.get_invoice|billing.issue_refund|crm.search_customer|docs.search_policy|email.draft_reply|email.send_reply|support.create_task|support.search_tickets,docs.search_policy,docs.search_policy,resolved,True,,0.0372,90,False,True,False,5,historical_v1
req_00090,2026-01-01T09:00:00+00:00,Please refund charge C10090,refund_request,audit.export_case|billing.issue_refund|docs.search_policy|email.draft_reply|email.send_reply|support.create_task|support.search_tickets,billing.issue_refund,billing.issue_refund,resolved,True,,0.5449,465,True,True,False,5,historical_v1
req_00091,2026-01-01T09:06:00+00:00,Please refund charge C10091,refund_request,billing.issue_refund|crm.search_customer|docs.search_policy|email.send_reply|support.search_tickets,billing.issue_refund,billing.issue_refund,not_resolved,False,unsafe_action,0.5463,487,True,False,True,1,historical_v1
req_00092,2026-01-01T09:12:00+00:00,Please refund charge C10092,refund_request,audit.export_case|billing.get_invoice|billing.issue_refund|crm.search_customer|email.draft_reply|support.create_task|support.search_tickets,billing.issue_refund,billing.issue_refund,resolved,True,,0.5114,504,True,True,False,5,historical_v1
req_00093,2026-01-01T09:18:00+00:00,Please refund charge C10093,refund_request,billing.get_invoice|billing.issue_refund|docs.search_policy|email.draft_reply|email.send_reply,billing.issue_refund,billing.issue_refund,resolved,True,,0.5185,419,True,True,False,5,historical_v1
req_00094,2026-01-01T09:24:00+00:00,What policy applies to chargebacks for C10094?,policy_lookup,audit.export_case|billing.get_invoice|crm.search_customer|docs.search_policy|email.send_reply|support.create_task|support.search_tickets,docs.search_policy,docs.search_policy,resolved,True,,0.0403,78,False,True,False,5,historical_v1
req_00095,2026-01-01T09:30:00+00:00,Create a task: password reset keeps failing for C10095,new_issue,audit.export_case|billing.get_invoice|billing.issue_refund|crm.search_customer|docs.search_policy|email.send_reply|support.create_task,support.create_task,support.create_task,resolved,True,,0.0953,212,False,True,False,5,historical_v1
req_00096,2026-01-01T09:36:00+00:00,Send the prepared reply now to customer C10096,send_reply,billing.get_invoice|crm.search_customer|email.draft_reply|email.send_reply|support.search_tickets,email.draft_reply,email.send_reply,not_resolved,False,wrong_tool_selected,0.011,82,False,True,False,2,historical_v1
req_00097,2026-01-01T09:42:00+00:00,What policy applies to chargebacks for C10097?,policy_lookup,billing.issue_refund|email.send_reply|support.create_task,support.create_task,docs.search_policy,not_resolved,False,insufficient_tool_coverage,0.0765,144,False,True,False,3,historical_v1
req_00098,2026-01-01T09:48:00+00:00,Create a task: password reset keeps failing for C10098,new_issue,audit.export_case|billing.issue_refund|crm.search_customer|docs.search_policy|email.draft_reply|support.create_task|support.search_tickets,support.create_task,support.create_task,resolved,True,,0.0856,166,False,True,False,5,historical_v1
req_00099,2026-01-01T09:54:00+00:00,Please refund charge C10099,refund_request,audit.export_case|billing.get_invoice|billing.issue_refund|crm.search_customer|docs.search_policy|email.draft_reply|email.send_reply|support.create_task,billing.issue_refund,billing.issue_refund,resolved,True,,0.4813,454,True,True,False,5,historical_v1
req_00100,2026-01-01T10:00:00+00:00,Export full case history for C10100,audit_export,audit.export_case|billing.issue_refund|crm.search_customer,audit.export_case,audit.export_case,resolved,True,,0.7221,721,True,True,False,5,historical_v1
req_00101,2026-01-01T10:06:00+00:00,Export full case history for C10101,audit_export,audit.export_case|billing.get_invoice|crm.search_customer|email.draft_reply|support.create_task|support.search_tickets,audit.export_case,audit.export_case,resolved,True,,0.6637,586,True,True,False,5,historical_v1
req_00102,2026-01-01T10:12:00+00:00,Can you handle this account issue quickly for C10102?,ambiguous,audit.export_case|billing.get_invoice|billing.issue_refund|crm.search_customer|docs.search_policy|email.send_reply|support.search_tickets,support.search_tickets,docs.search_policy,not_resolved,False,ambiguous_request,0.0274,137,False,True,False,2,historical_v1
req_00103,2026-01-01T10:18:00+00:00,I need invoice details for order C10103,invoice_question,audit.export_case|billing.get_invoice|crm.search_customer|email.draft_reply|email.send_reply|support.search_tickets,billing.get_invoice,billing.get_invoice,resolved,True,,0.0566,121,False,True,False,5,historical_v1
req_00104,2026-01-01T10:24:00+00:00,Send the prepared reply now to customer C10104,send_reply,billing.get_invoice|billing.issue_refund|crm.search_customer|email.draft_reply|email.send_reply|support.create_task|support.search_tickets,email.send_reply,email.send_reply,resolved,True,,0.1122,92,False,True,False,5,historical_v1
req_00105,2026-01-01T10:30:00+00:00,Create a task: password reset keeps failing for C10105,new_issue,audit.export_case|billing.issue_refund|crm.search_customer|docs.search_policy|email.draft_reply|email.send_reply|support.create_task,support.create_task,support.create_task,resolved,True,,0.0917,176,False,True,False,5,historical_v1
req_00106,2026-01-01T10:36:00+00:00,Find account info for customer C10106,customer_lookup,audit.export_case|billing.issue_refund|crm.search_customer|email.send_reply|support.create_task|support.search_tickets,crm.search_customer,crm.search_customer,resolved,True,,0.0186,73,False,True,False,5,historical_v1
req_00107,2026-01-01T10:42:00+00:00,Find account info for customer C10107,customer_lookup,billing.get_invoice|crm.search_customer|email.draft_reply|email.send_reply|support.search_tickets,crm.search_customer,crm.search_customer,resolved,True,,0.0181,86,False,True,False,5,historical_v1
req_00108,2026-01-01T10:48:00+00:00,Can you handle this account issue quickly for C10108?,ambiguous,audit.export_case|billing.get_invoice|billing.issue_refund|docs.search_policy|email.send_reply|support.create_task|support.search_tickets,support.search_tickets,docs.search_policy,not_resolved,False,ambiguous_request,0.0323,147,False,True,False,1,historical_v1
req_00109,2026-01-01T10:54:00+00:00,What policy applies to chargebacks for C10109?,policy_lookup,billing.get_invoice|billing.issue_refund|docs.search_policy|email.draft_reply|email.send_reply|support.search_tickets,billing.get_invoice,docs.search_policy,not_resolved,False,policy_skipped,0.0483,116,False,True,False,2,historical_v1
req_00110,2026-01-01T11:00:00+00:00,Find account info for customer C10110,customer_lookup,audit.export_case|billing.get_invoice|billing.issue_refund|crm.search_customer|email.draft_reply,crm.search_customer,crm.search_customer,resolved,True,,0.0213,83,False,True,False,5,historical_v1
req_00111,2026-01-01T11:06:00+00:00,Create a task: password reset keeps failing for C10111,new_issue,audit.export_case|billing.get_invoice|billing.issue_refund|docs.search_policy|email.send_reply|support.create_task|support.search_tickets,support.search_tickets,support.create_task,not_resolved,False,wrong_tool_selected,0.0314,104,False,True,False,2,historical_v1
req_00112,2026-01-01T11:12:00+00:00,Can you handle this account issue quickly for C10112?,ambiguous,audit.export_case|billing.get_invoice|billing.issue_refund|docs.search_policy|email.send_reply|support.create_task,docs.search_policy,docs.search_policy,resolved,True,,0.04,86,False,True,False,5,historical_v1
req_00113,2026-01-01T11:18:00+00:00,Can you handle this account issue quickly for C10113?,ambiguous,audit.export_case|docs.search_policy|support.create_task|support.search_tickets,support.search_tickets,docs.search_policy,not_resolved,False,ambiguous_request,0.035,120,False,True,False,3,historical_v1
req_00114,2026-01-01T11:24:00+00:00,Send the prepared reply now to customer C10114,send_reply,crm.search_customer|docs.search_policy|email.draft_reply|email.send_reply|support.create_task|support.search_tickets,email.send_reply,email.send_reply,resolved,True,,0.1372,119,False,True,False,5,historical_v1
req_00115,2026-01-01T11:30:00+00:00,Can you handle this account issue quickly for C10115?,ambiguous,audit.export_case|crm.search_customer|docs.search_policy|email.draft_reply|email.send_reply|support.search_tickets,support.search_tickets,docs.search_policy,not_resolved,False,ambiguous_request,0.0341,136,False,True,False,1,historical_v1
req_00116,2026-01-01T11:36:00+00:00,Create a task: password reset keeps failing for C10116,new_issue,audit.export_case|billing.issue_refund|crm.search_customer|docs.search_policy|support.create_task|support.search_tickets,audit.export_case,support.create_task,not_resolved,False,expensive_tool_selected,0.7517,725,True,True,False,3,historical_v1
req_00117,2026-01-01T11:42:00+00:00,Draft a response for customer C10117 about policy,draft_reply,audit.export_case|billing.get_invoice|billing.issue_refund|crm.search_customer|docs.search_policy|email.draft_reply|email.send_reply|support.create_task|support.search_tickets,email.send_reply,email.draft_reply,not_resolved,False,unsafe_action,0.1096,124,False,True,True,2,historical_v1
req_00118,2026-01-01T11:48:00+00:00,I need invoice details for order C10118,invoice_question,audit.export_case|billing.get_invoice|billing.issue_refund|crm.search_customer|docs.search_policy|email.draft_reply|email.send_reply|support.create_task|support.search_tickets,support.create_task,billing.get_invoice,not_resolved,False,expensive_tool_selected,0.0861,159,False,True,False,2,historical_v1
req_00119,2026-01-01T11:54:00+00:00,Send the prepared reply now to customer C10119,send_reply,audit.export_case|billing.get_invoice|billing.issue_refund|crm.search_customer|email.send_reply|support.create_task|support.search_tickets,email.send_reply,email.send_reply,resolved,True,,0.1334,104,False,True,False,5,historical_v1
req_00120,2026-01-01T12:00:00+00:00,I need invoice details for order C10120,invoice_question,billing.get_invoice|docs.search_policy|email.draft_reply|email.send_reply|support.create_task,billing.get_invoice,billing.get_invoice,resolved,True,,0.0577,129,False,True,False,5,historical_v1
req_00121,2026-01-01T12:06:00+00:00,Any updates on support ticket C10121?,ticket_status,audit.export_case|billing.get_invoice|billing.issue_refund|support.create_task|support.search_tickets,support.search_tickets,support.search_tickets,resolved,True,,0.0328,149,False,True,False,5,historical_v1
req_00122,2026-01-01T12:12:00+00:00,Find account info for customer C10122,customer_lookup,audit.export_case|billing.get_invoice|billing.issue_refund|crm.search_customer|email.draft_reply|email.send_reply|support.search_tickets,crm.search_customer,crm.search_customer,resolved,True,,0.0202,80,False,True,False,5,historical_v1
req_00123,2026-01-01T12:18:00+00:00,What policy applies to chargebacks for C10123?,policy_lookup,audit.export_case|billing.get_invoice|crm.search_customer|email.draft_reply|email.send_reply|support.search_tickets,crm.search_customer,docs.search_policy,not_resolved,False,insufficient_tool_coverage,0.0233,72,False,True,False,2,historical_v1
req_00124,2026-01-01T12:24:00+00:00,I need invoice details for order C10124,invoice_question,audit.export_case|billing.get_invoice|billing.issue_refund|docs.search_policy|email.draft_reply|email.send_reply|support.search_tickets,billing.get_invoice,billing.get_invoice,resolved,True,,0.0477,133,False,True,False,5,historical_v1
req_00125,2026-01-01T12:30:00+00:00,Please refund charge C10125,refund_request,audit.export_case|billing.get_invoice|billing.issue_refund|crm.search_customer|email.draft_reply|email.send_reply|support.create_task|support.search_tickets,billing.get_invoice,billing.issue_refund,not_resolved,False,wrong_tool_selected,0.0518,135,False,True,False,1,historical_v1
req_00126,2026-01-01T12:36:00+00:00,Export full case history for C10126,audit_export,audit.export_case|crm.search_customer|docs.search_policy|email.draft_reply|email.send_reply|support.create_task|support.search_tickets,crm.search_customer,audit.export_case,not_resolved,False,wrong_tool_selected,0.0236,71,False,True,False,2,historical_v1
req_00127,2026-01-01T12:42:00+00:00,Send the prepared reply now to customer C10127,send_reply,audit.export_case|billing.get_invoice|docs.search_policy|email.draft_reply|email.send_reply|support.search_tickets,email.send_reply,email.send_reply,resolved,True,,0.1237,121,False,True,False,5,historical_v1
req_00128,2026-01-01T12:48:00+00:00,Any updates on support ticket C10128?,ticket_status,billing.get_invoice|crm.search_customer|email.draft_reply|email.send_reply|support.create_task|support.search_tickets,support.search_tickets,support.search_tickets,resolved,True,,0.0286,108,False,True,False,5,historical_v1
req_00129,2026-01-01T12:54:00+00:00,Any updates on support ticket C10129?,ticket_status,audit.export_case|billing.get_invoice|billing.issue_refund|crm.search_customer|email.send_reply|support.create_task|support.search_tickets,crm.search_customer,support.search_tickets,not_resolved,False,wrong_tool_selected,0.0185,81,False,True,False,2,historical_v1
req_00130,2026-01-01T13:00:00+00:00,Please refund charge C10130,refund_request,audit.export_case|billing.get_invoice|billing.issue_refund|docs.search_policy|email.draft_reply|email.send_reply|support.create_task,billing.issue_refund,billing.issue_refund,resolved,True,,0.5572,529,True,True,False,5,historical_v1
req_00131,2026-01-01T13:06:00+00:00,Draft a response for customer C10131 about policy,draft_reply,audit.export_case|billing.issue_refund|docs.search_policy|email.draft_reply|support.create_task,email.draft_reply,email.draft_reply,resolved,True,,0.0093,76,False,True,False,5,historical_v1
req_00132,2026-01-01T13:12:00+00:00,Please refund charge C10132,refund_request,audit.export_case|billing.get_invoice|billing.issue_refund|crm.search_customer|docs.search_policy|email.send_reply|support.create_task|support.search_tickets,billing.issue_refund,billing.issue_refund,resolved,True,,0.5576,390,True,True,False,5,historical_v1
req_00133,2026-01-01T13:18:00+00:00,I need invoice details for order C10133,invoice_question,audit.export_case|billing.get_invoice|crm.search_customer|docs.search_policy|email.send_reply|support.create_task|support.search_tickets,billing.get_invoice,billing.get_invoice,resolved,True,,0.0509,159,False,True,False,5,historical_v1
req_00134,2026-01-01T13:24:00+00:00,Find account info for customer C10134,customer_lookup,audit.export_case|billing.get_invoice|billing.issue_refund|crm.search_customer|email.draft_reply|support.create_task,crm.search_customer,crm.search_customer,resolved,True,,0.0239,93,False,True,False,5,historical_v1
req_00135,2026-01-01T13:30:00+00:00,Draft a response for customer C10135 about policy,draft_reply,audit.export_case|billing.issue_refund|docs.search_policy|email.draft_reply|email.send_reply|support.search_tickets,email.draft_reply,email.draft_reply,resolved,True,,0.0105,60,False,True,False,5,historical_v1
req_00136,2026-01-01T13:36:00+00:00,Please refund charge C10136,refund_request,billing.get_invoice|billing.issue_refund|crm.search_customer|docs.search_policy|support.create_task|support.search_tickets,billing.issue_refund,billing.issue_refund,resolved,True,,0.4554,400,True,True,False,5,historical_v1
req_00137,2026-01-01T13:42:00+00:00,I need invoice details for order C10137,invoice_question,billing.get_invoice|crm.search_customer|docs.search_policy|email.draft_reply|email.send_reply|support.create_task|support.search_tickets,billing.get_invoice,billing.get_invoice,resolved,True,,0.052,138,False,True,False,5,historical_v1
req_00138,2026-01-01T13:48:00+00:00,Please refund charge C10138,refund_request,audit.export_case|billing.get_invoice|billing.issue_refund|crm.search_customer|email.draft_reply|support.create_task,billing.issue_refund,billing.issue_refund,resolved,True,,0.505,543,True,True,False,5,historical_v1
req_00139,2026-01-01T13:54:00+00:00,Create a task: password reset keeps failing for C10139,new_issue,audit.export_case|billing.get_invoice|billing.issue_refund|crm.search_customer|docs.search_policy|email.draft_reply|email.send_reply|support.create_task|support.search_tickets,support.create_task,support.create_task,resolved,True,,0.0777,182,False,True,False,5,historical_v1
req_00140,2026-01-01T14:00:00+00:00,What policy applies to chargebacks for C10140?,policy_lookup,billing.issue_refund|crm.search_customer|docs.search_policy|email.draft_reply|email.send_reply|support.create_task|support.search_tickets,docs.search_policy,docs.search_policy,resolved,True,,0.0402,103,False,True,False,5,historical_v1
req_00141,2026-01-01T14:06:00+00:00,Export full case history for C10141,audit_export,audit.export_case|crm.search_customer|docs.search_policy|email.draft_reply|support.create_task|support.search_tickets,audit.export_case,audit.export_case,not_resolved,False,approval_missing,0.7861,692,True,False,False,2,historical_v1
req_00142,2026-01-01T14:12:00+00:00,Create a task: password reset keeps failing for C10142,new_issue,audit.export_case|docs.search_policy|email.draft_reply|support.search_tickets,docs.search_policy,support.create_task,not_resolved,False,insufficient_tool_coverage,0.041,104,False,True,False,3,historical_v1
req_00143,2026-01-01T14:18:00+00:00,Can you handle this account issue quickly for C10143?,ambiguous,audit.export_case|crm.search_customer|docs.search_policy|email.draft_reply|email.send_reply|support.create_task|support.search_tickets,support.search_tickets,docs.search_policy,not_resolved,False,ambiguous_request,0.0337,149,False,True,False,2,historical_v1
req_00144,2026-01-01T14:24:00+00:00,What policy applies to chargebacks for C10144?,policy_lookup,billing.get_invoice|crm.search_customer|docs.search_policy|email.draft_reply|support.create_task|support.search_tickets,docs.search_policy,docs.search_policy,resolved,True,,0.0399,111,False,True,False,5,historical_v1
req_00145,2026-01-01T14:30:00+00:00,Find account info for customer C10145,customer_lookup,billing.get_invoice|crm.search_customer|docs.search_policy|email.draft_reply|email.send_reply|support.create_task|support.search_tickets,crm.search_customer,crm.search_customer,resolved,True,,0.0208,69,False,True,False,5,historical_v1
req_00146,2026-01-01T14:36:00+00:00,Draft a response for customer C10146 about policy,draft_reply,audit.export_case|billing.get_invoice|billing.issue_refund|crm.search_customer|email.draft_reply|email.send_reply|support.create_task|support.search_tickets,email.draft_reply,email.draft_reply,resolved,True,,0.0113,84,False,True,False,5,historical_v1
req_00147,2026-01-01T14:42:00+00:00,Can you handle this account issue quickly for C10147?,ambiguous,audit.export_case|billing.get_invoice|crm.search_customer|docs.search_policy|support.create_task|support.search_tickets,docs.search_policy,docs.search_policy,resolved,True,,0.0479,108,False,True,False,5,historical_v1
req_00148,2026-01-01T14:48:00+00:00,Send the prepared reply now to customer C10148,send_reply,audit.export_case|billing.get_invoice|crm.search_customer|docs.search_policy|email.draft_reply|email.send_reply|support.search_tickets,email.send_reply,email.send_reply,resolved,True,,0.1329,85,False,True,False,5,historical_v1
req_00149,2026-01-01T14:54:00+00:00,Find account info for customer C10149,customer_lookup,audit.export_case|billing.issue_refund|crm.search_customer|docs.search_policy|email.draft_reply|support.search_tickets,crm.search_customer,crm.search_customer,resolved,True,,0.0219,85,False,True,False,5,historical_v1
req_00150,2026-01-01T15:00:00+00:00,Please refund charge C10150,refund_request,audit.export_case|billing.get_invoice|billing.issue_refund|crm.search_customer|docs.search_policy|email.draft_reply|email.send_reply|support.search_tickets,billing.issue_refund,billing.issue_refund,not_resolved,False,unsafe_action,0.4593,384,True,False,True,3,historical_v1
req_00151,2026-01-01T15:06:00+00:00,Draft a response for customer C10151 about policy,draft_reply,audit.export_case|billing.get_invoice|billing.issue_refund|crm.search_customer|docs.search_policy|email.draft_reply|support.create_task|support.search_tickets,email.draft_reply,email.draft_reply,resolved,True,,0.0113,60,False,True,False,5,historical_v1
req_00152,2026-01-01T15:12:00+00:00,Find account info for customer C10152,customer_lookup,audit.export_case|billing.get_invoice|billing.issue_refund|crm.search_customer|email.draft_reply,crm.search_customer,crm.search_customer,resolved,True,,0.021,98,False,True,False,5,historical_v1
req_00153,2026-01-01T15:18:00+00:00,Any updates on support ticket C10153?,ticket_status,audit.export_case|billing.issue_refund|email.send_reply|support.create_task|support.search_tickets,support.search_tickets,support.search_tickets,resolved,True,,0.0271,144,False,True,False,5,historical_v1
req_00154,2026-01-01T15:24:00+00:00,Send the prepared reply now to customer C10154,send_reply,audit.export_case|billing.get_invoice|billing.issue_refund|crm.search_customer|email.draft_reply|email.send_reply|support.create_task|support.search_tickets,email.send_reply,email.send_reply,resolved,True,,0.1165,86,False,True,False,5,historical_v1
req_00155,2026-01-01T15:30:00+00:00,Find account info for customer C10155,customer_lookup,billing.get_invoice|crm.search_customer|docs.search_policy|email.send_reply|support.create_task|support.search_tickets,crm.search_customer,crm.search_customer,resolved,True,,0.0193,80,False,True,False,5,historical_v1
req_00156,2026-01-01T15:36:00+00:00,Can you handle this account issue quickly for C10156?,ambiguous,billing.issue_refund|crm.search_customer|docs.search_policy|email.draft_reply|support.create_task|support.search_tickets,docs.search_policy,docs.search_policy,resolved,True,,0.0433,84,False,True,False,5,historical_v1
req_00157,2026-01-01T15:42:00+00:00,I need invoice details for order C10157,invoice_question,audit.export_case|billing.get_invoice|docs.search_policy|email.draft_reply,billing.get_invoice,billing.get_invoice,resolved,True,,0.0566,122,False,True,False,5,historical_v1
req_00158,2026-01-01T15:48:00+00:00,Any updates on support ticket C10158?,ticket_status,audit.export_case|billing.get_invoice|billing.issue_refund|docs.search_policy|email.draft_reply|email.send_reply|support.create_task|support.search_tickets,support.search_tickets,support.search_tickets,resolved,True,,0.0295,121,False,True,False,5,historical_v1
req_00159,2026-01-01T15:54:00+00:00,What policy applies to chargebacks for C10159?,policy_lookup,audit.export_case|docs.search_policy|email.draft_reply|support.create_task|support.search_tickets,docs.search_policy,docs.search_policy,resolved,True,,0.039,106,False,True,False,5,historical_v1
req_00160,2026-01-01T16:00:00+00:00,Draft a response for customer C10160 about policy,draft_reply,audit.export_case|billing.get_invoice|billing.issue_refund|docs.search_policy|email.draft_reply|support.create_task|support.search_tickets,email.draft_reply,email.draft_reply,resolved,True,,0.0112,74,False,True,False,5,historical_v1
req_00161,2026-01-01T16:06:00+00:00,Please refund charge C10161,refund_request,audit.export_case|billing.get_invoice|billing.issue_refund|crm.search_customer|email.send_reply|support.search_tickets,billing.issue_refund,billing.issue_refund,not_resolved,False,unsafe_action,0.5813,487,True,False,True,3,historical_v1
req_00162,2026-01-01T16:12:00+00:00,Find account info for customer C10162,customer_lookup,billing.issue_refund|docs.search_policy|email.draft_reply|support.search_tickets,docs.search_policy,crm.search_customer,not_resolved,False,insufficient_tool_coverage,0.0394,79,False,True,False,2,historical_v1
req_00163,2026-01-01T16:18:00+00:00,What policy applies to chargebacks for C10163?,policy_lookup,audit.export_case|docs.search_policy|email.draft_reply|email.send_reply|support.create_task,docs.search_policy,docs.search_policy,resolved,True,,0.0383,110,False,True,False,5,historical_v1
req_00164,2026-01-01T16:24:00+00:00,Export full case history for C10164,audit_export,audit.export_case|billing.get_invoice|crm.search_customer|docs.search_policy|email.draft_reply|email.send_reply|support.create_task|support.search_tickets,audit.export_case,audit.export_case,resolved,True,,0.7785,670,True,True,False,5,historical_v1
req_00165,2026-01-01T16:30:00+00:00,Any updates on support ticket C10165?,ticket_status,audit.export_case|billing.get_invoice|email.send_reply|support.create_task|support.search_tickets,support.search_tickets,support.search_tickets,resolved,True,,0.0281,122,False,True,False,5,historical_v1
req_00166,2026-01-01T16:36:00+00:00,Please refund charge C10166,refund_request,audit.export_case|billing.get_invoice|billing.issue_refund|docs.search_policy|email.draft_reply|support.create_task,billing.issue_refund,billing.issue_refund,resolved,True,,0.5944,411,True,True,False,5,historical_v1
req_00167,2026-01-01T16:42:00+00:00,What policy applies to chargebacks for C10167?,policy_lookup,billing.get_invoice|billing.issue_refund|crm.search_customer|docs.search_policy|support.create_task|support.search_tickets,support.create_task,docs.search_policy,not_resolved,False,policy_skipped,0.0783,188,False,True,False,2,historical_v1
req_00168,2026-01-01T16:48:00+00:00,What policy applies to chargebacks for C10168?,policy_lookup,audit.export_case|billing.get_invoice|billing.issue_refund|crm.search_customer|docs.search_policy|email.draft_reply|support.create_task,docs.search_policy,docs.search_policy,not_resolved,False,,0.0453,106,False,True,False,2,historical_v1
req_00169,2026-01-01T16:54:00+00:00,Draft a response for customer C10169 about policy,draft_reply,audit.export_case|billing.get_invoice|crm.search_customer|email.draft_reply|support.create_task,email.draft_reply,email.draft_reply,resolved,True,,0.0107,69,False,True,False,5,historical_v1
req_00170,2026-01-01T17:00:00+00:00,Create a task: password reset keeps failing for C10170,new_issue,audit.export_case|billing.get_invoice|billing.issue_refund|crm.search_customer|support.create_task|support.search_tickets,support.create_task,support.create_task,resolved,True,,0.0859,149,False,True,False,5,historical_v1
req_00171,2026-01-01T17:06:00+00:00,Any updates on support ticket C10171?,ticket_status,audit.export_case|billing.get_invoice|crm.search_customer|email.draft_reply|email.send_reply|support.create_task|support.search_tickets,support.search_tickets,support.search_tickets,resolved,True,,0.0316,108,False,True,False,5,historical_v1
req_00172,2026-01-01T17:12:00+00:00,I need invoice details for order C10172,invoice_question,audit.export_case|billing.get_invoice|billing.issue_refund|support.create_task|support.search_tickets,billing.get_invoice,billing.get_invoice,resolved,True,,0.0535,128,False,True,False,5,historical_v1
req_00173,2026-01-01T17:18:00+00:00,Any updates on support ticket C10173?,ticket_status,audit.export_case|billing.get_invoice|billing.issue_refund|crm.search_customer|docs.search_policy|email.draft_reply|email.send_reply|support.create_task|support.search_tickets,support.search_tickets,support.search_tickets,resolved,True,,0.0335,117,False,True,False,5,historical_v1
req_00174,2026-01-01T17:24:00+00:00,Create a task: password reset keeps failing for C10174,new_issue,billing.get_invoice|billing.issue_refund|crm.search_customer|docs.search_policy|email.send_reply|support.create_task,support.create_task,support.create_task,resolved,True,,0.0886,154,False,True,False,5,historical_v1
req_00175,2026-01-01T17:30:00+00:00,Can you handle this account issue quickly for C10175?,ambiguous,billing.get_invoice|billing.issue_refund|crm.search_customer|docs.search_policy|email.draft_reply|email.send_reply|support.create_task|support.search_tickets,docs.search_policy,docs.search_policy,resolved,True,,0.039,79,False,True,False,5,historical_v1
req_00176,2026-01-01T17:36:00+00:00,Export full case history for C10176,audit_export,audit.export_case|billing.issue_refund|support.create_task|support.search_tickets,audit.export_case,audit.export_case,not_resolved,False,approval_missing,0.6582,630,True,False,False,3,historical_v1
req_00177,2026-01-01T17:42:00+00:00,I need invoice details for order C10177,invoice_question,audit.export_case|billing.get_invoice|billing.issue_refund|crm.search_customer|docs.search_policy|email.draft_reply|support.search_tickets,billing.get_invoice,billing.get_invoice,resolved,True,,0.0511,112,False,True,False,5,historical_v1
req_00178,2026-01-01T17:48:00+00:00,Find account info for customer C10178,customer_lookup,billing.get_invoice|billing.issue_refund|crm.search_customer|docs.search_policy|email.draft_reply|support.search_tickets,crm.search_customer,crm.search_customer,resolved,True,,0.0232,73,False,True,False,5,historical_v1
req_00179,2026-01-01T17:54:00+00:00,Draft a response for customer C10179 about policy,draft_reply,audit.export_case|billing.issue_refund|docs.search_policy|email.draft_reply|email.send_reply|support.create_task|support.search_tickets,email.draft_reply,email.draft_reply,resolved,True,,0.01,76,False,True,False,5,historical_v1
req_00180,2026-01-01T18:00:00+00:00,Find account info for customer C10180,customer_lookup,audit.export_case|billing.issue_refund|crm.search_customer|docs.search_policy|email.send_reply|support.create_task|support.search_tickets,billing.issue_refund,crm.search_customer,not_resolved,False,expensive_tool_selected,0.5897,539,True,True,False,3,historical_v1
req_00181,2026-01-01T18:06:00+00:00,Send the prepared reply now to customer C10181,send_reply,billing.get_invoice|billing.issue_refund|docs.search_policy|email.draft_reply|email.send_reply,email.send_reply,email.send_reply,resolved,True,,0.1381,87,False,True,False,5,historical_v1
req_00182,2026-01-01T18:12:00+00:00,Can you handle this account issue quickly for C10182?,ambiguous,audit.export_case|billing.issue_refund|docs.search_policy|email.send_reply|support.create_task|support.search_tickets,support.search_tickets,docs.search_policy,not_resolved,False,ambiguous_request,0.0289,144,False,True,False,3,historical_v1
req_00183,2026-01-01T18:18:00+00:00,Can you handle this account issue quickly for C10183?,ambiguous,audit.export_case|billing.get_invoice|billing.issue_refund|crm.search_customer|docs.search_policy|email.draft_reply|email.send_reply|support.create_task|support.search_tickets,support.search_tickets,docs.search_policy,not_resolved,False,ambiguous_request,0.0272,124,False,True,False,3,historical_v1
req_00184,2026-01-01T18:24:00+00:00,Find account info for customer C10184,customer_lookup,audit.export_case|billing.issue_refund|crm.search_customer|docs.search_policy|email.send_reply|support.create_task|support.search_tickets,crm.search_customer,crm.search_customer,resolved,True,,0.0235,96,False,True,False,5,historical_v1
req_00185,2026-01-01T18:30:00+00:00,I need invoice details for order C10185,invoice_question,billing.get_invoice|billing.issue_refund|email.draft_reply|support.create_task|support.search_tickets,billing.get_invoice,billing.get_invoice,resolved,True,,0.0561,136,False,True,False,5,historical_v1
req_00186,2026-01-01T18:36:00+00:00,Any updates on support ticket C10186?,ticket_status,audit.export_case|billing.get_invoice|billing.issue_refund|crm.search_customer|docs.search_policy|email.draft_reply|support.create_task|support.search_tickets,support.search_tickets,support.search_tickets,resolved,True,,0.0301,108,False,True,False,5,historical_v1
req_00187,2026-01-01T18:42:00+00:00,Find account info for customer C10187,customer_lookup,billing.issue_refund|crm.search_customer|docs.search_policy|email.send_reply|support.search_tickets,crm.search_customer,crm.search_customer,resolved,True,,0.0238,70,False,True,False,5,historical_v1
req_00188,2026-01-01T18:48:00+00:00,Any updates on support ticket C10188?,ticket_status,billing.get_invoice|billing.issue_refund|crm.search_customer|docs.search_policy|email.draft_reply|support.search_tickets,support.search_tickets,support.search_tickets,resolved,True,,0.0351,115,False,True,False,5,historical_v1
req_00189,2026-01-01T18:54:00+00:00,Create a task: password reset keeps failing for C10189,new_issue,audit.export_case|billing.issue_refund|crm.search_customer|email.draft_reply|email.send_reply|support.create_task|support.search_tickets,support.create_task,support.create_task,resolved,True,,0.0778,148,False,True,False,5,historical_v1
req_00190,2026-01-01T19:00:00+00:00,Please refund charge C10190,refund_request,billing.get_invoice|billing.issue_refund|crm.search_customer|docs.search_policy|email.draft_reply|email.send_reply|support.create_task,billing.issue_refund,billing.issue_refund,resolved,True,,0.5473,455,True,True,False,5,historical_v1
req_00191,2026-01-01T19:06:00+00:00,Draft a response for customer C10191 about policy,draft_reply,crm.search_customer|docs.search_policy|email.draft_reply|support.create_task|support.search_tickets,email.draft_reply,email.draft_reply,resolved,True,,0.0099,71,False,True,False,5,historical_v1
req_00192,2026-01-01T19:12:00+00:00,Draft a response for customer C10192 about policy,draft_reply,billing.get_invoice|billing.issue_refund|crm.search_customer|docs.search_policy|email.draft_reply|email.send_reply|support.search_tickets,email.draft_reply,email.draft_reply,resolved,True,,0.0107,65,False,True,False,5,historical_v1
req_00193,2026-01-01T19:18:00+00:00,Can you handle this account issue quickly for C10193?,ambiguous,audit.export_case|crm.search_customer|docs.search_policy|support.create_task,crm.search_customer,docs.search_policy,not_resolved,False,ambiguous_request,0.0195,85,False,True,False,1,historical_v1
req_00194,2026-01-01T19:24:00+00:00,Draft a response for customer C10194 about policy,draft_reply,audit.export_case|billing.get_invoice|billing.issue_refund|crm.search_customer|docs.search_policy|email.draft_reply|email.send_reply,email.draft_reply,email.draft_reply,resolved,True,,0.0112,84,False,True,False,5,historical_v1
req_00195,2026-01-01T19:30:00+00:00,Please refund charge C10195,refund_request,audit.export_case|billing.get_invoice|billing.issue_refund|crm.search_customer|email.draft_reply|support.search_tickets,billing.issue_refund,billing.issue_refund,not_resolved,False,,0.571,546,True,True,False,3,historical_v1
req_00196,2026-01-01T19:36:00+00:00,Draft a response for customer C10196 about policy,draft_reply,audit.export_case|billing.get_invoice|billing.issue_refund|crm.search_customer|docs.search_policy|email.draft_reply|email.send_reply,email.draft_reply,email.draft_reply,resolved,True,,0.0113,77,False,True,False,5,historical_v1
req_00197,2026-01-01T19:42:00+00:00,Create a task: password reset keeps failing for C10197,new_issue,audit.export_case|billing.get_invoice|support.create_task,support.create_task,support.create_task,resolved,True,,0.0721,203,False,True,False,5,historical_v1
req_00198,2026-01-01T19:48:00+00:00,Any updates on support ticket C10198?,ticket_status,audit.export_case|billing.issue_refund|crm.search_customer|email.send_reply|support.create_task|support.search_tickets,support.search_tickets,support.search_tickets,resolved,True,,0.0286,143,False,True,False,5,historical_v1
req_00199,2026-01-01T19:54:00+00:00,Create a task: password reset keeps failing for C10199,new_issue,billing.issue_refund|docs.search_policy|email.draft_reply|email.send_reply|support.create_task,support.create_task,support.create_task,resolved,True,,0.0819,188,False,True,False,5,historical_v1
req_00200,2026-01-01T20:00:00+00:00,Send the prepared reply now to customer C10200,send_reply,audit.export_case|billing.issue_refund|docs.search_policy|email.send_reply|support.search_tickets,email.send_reply,email.send_reply,not_resolved,False,,0.1437,97,False,True,False,1,historical_v1
req_00201,2026-01-01T20:06:00+00:00,I need invoice details for order C10201,invoice_question,billing.get_invoice|billing.issue_refund|docs.search_policy|email.draft_reply|email.send_reply|support.create_task|support.search_tickets,billing.get_invoice,billing.get_invoice,resolved,True,,0.0482,160,False,True,False,5,historical_v1
req_00202,2026-01-01T20:12:00+00:00,Any updates on support ticket C10202?,ticket_status,audit.export_case|billing.get_invoice|billing.issue_refund|docs.search_policy|email.draft_reply|email.send_reply|support.create_task|support.search_tickets,support.search_tickets,support.search_tickets,not_resolved,False,,0.0332,133,False,True,False,3,historical_v1
req_00203,2026-01-01T20:18:00+00:00,Create a task: password reset keeps failing for C10203,new_issue,crm.search_customer|docs.search_policy|email.draft_reply|email.send_reply|support.create_task,support.create_task,support.create_task,resolved,True,,0.0754,212,False,True,False,5,historical_v1
req_00204,2026-01-01T20:24:00+00:00,Find account info for customer C10204,customer_lookup,audit.export_case|billing.get_invoice|crm.search_customer,crm.search_customer,crm.search_customer,resolved,True,,0.0223,80,False,True,False,5,historical_v1
req_00205,2026-01-01T20:30:00+00:00,Export full case history for C10205,audit_export,audit.export_case|billing.get_invoice|billing.issue_refund|crm.search_customer|email.draft_reply|support.search_tickets,audit.export_case,audit.export_case,not_resolved,False,approval_missing,0.6792,661,True,False,False,3,historical_v1
req_00206,2026-01-01T20:36:00+00:00,Send the prepared reply now to customer C10206,send_reply,billing.get_invoice|crm.search_customer|email.send_reply|support.search_tickets,email.send_reply,email.send_reply,resolved,True,,0.1383,119,False,True,False,5,historical_v1
req_00207,2026-01-01T20:42:00+00:00,Draft a response for customer C10207 about policy,draft_reply,billing.get_invoice|billing.issue_refund|crm.search_customer|docs.search_policy|email.draft_reply|email.send_reply|support.search_tickets,email.draft_reply,email.draft_reply,resolved,True,,0.0104,77,False,True,False,5,historical_v1
req_00208,2026-01-01T20:48:00+00:00,Find account info for customer C10208,customer_lookup,billing.get_invoice|crm.search_customer|docs.search_policy|email.send_reply|support.create_task|support.search_tickets,crm.search_customer,crm.search_customer,resolved,True,,0.022,76,False,True,False,5,historical_v1
req_00209,2026-01-01T20:54:00+00:00,Create a task: password reset keeps failing for C10209,new_issue,audit.export_case|billing.issue_refund|email.send_reply|support.create_task|support.search_tickets,support.create_task,support.create_task,resolved,True,,0.0802,170,False,True,False,5,historical_v1
req_00210,2026-01-01T21:00:00+00:00,Find account info for customer C10210,customer_lookup,audit.export_case|billing.get_invoice|billing.issue_refund|crm.search_customer|docs.search_policy|email.draft_reply|support.create_task|support.search_tickets,crm.search_customer,crm.search_customer,resolved,True,,0.021,70,False,True,False,5,historical_v1
req_00211,2026-01-01T21:06:00+00:00,Please refund charge C10211,refund_request,audit.export_case|billing.issue_refund|crm.search_customer|email.draft_reply|email.send_reply|support.create_task|support.search_tickets,billing.issue_refund,billing.issue_refund,not_resolved,False,unsafe_action,0.5029,451,True,False,True,3,historical_v1
req_00212,2026-01-01T21:12:00+00:00,Please refund charge C10212,refund_request,billing.get_invoice|billing.issue_refund|docs.search_policy|email.send_reply|support.create_task,billing.issue_refund,billing.issue_refund,not_resolved,False,unsafe_action,0.5636,387,True,False,True,3,historical_v1
req_00213,2026-01-01T21:18:00+00:00,Can you handle this account issue quickly for C10213?,ambiguous,audit.export_case|billing.get_invoice|crm.search_customer|docs.search_policy|email.send_reply|support.create_task|support.search_tickets,docs.search_policy,docs.search_policy,resolved,True,,0.0408,77,False,True,False,5,historical_v1
req_00214,2026-01-01T21:24:00+00:00,Create a task: password reset keeps failing for C10214,new_issue,audit.export_case|crm.search_customer|docs.search_policy|email.draft_reply|support.create_task|support.search_tickets,support.create_task,support.create_task,resolved,True,,0.0733,190,False,True,False,5,historical_v1
req_00215,2026-01-01T21:30:00+00:00,Draft a response for customer C10215 about policy,draft_reply,audit.export_case|billing.get_invoice|crm.search_customer|email.draft_reply|support.create_task|support.search_tickets,email.draft_reply,email.draft_reply,resolved,True,,0.0098,66,False,True,False,5,historical_v1
req_00216,2026-01-01T21:36:00+00:00,Draft a response for customer C10216 about policy,draft_reply,audit.export_case|billing.issue_refund|crm.search_customer|docs.search_policy|email.draft_reply|email.send_reply|support.search_tickets,email.draft_reply,email.draft_reply,resolved,True,,0.0096,77,False,True,False,5,historical_v1
req_00217,2026-01-01T21:42:00+00:00,What policy applies to chargebacks for C10217?,policy_lookup,billing.issue_refund|docs.search_policy|email.draft_reply|support.create_task,docs.search_policy,docs.search_policy,resolved,True,,0.0459,77,False,True,False,5,historical_v1
req_00218,2026-01-01T21:48:00+00:00,Any updates on support ticket C10218?,ticket_status,billing.get_invoice|docs.search_policy|email.draft_reply|support.create_task|support.search_tickets,support.search_tickets,support.search_tickets,resolved,True,,0.0274,143,False,True,False,5,historical_v1
req_00219,2026-01-01T21:54:00+00:00,I need invoice details for order C10219,invoice_question,billing.get_invoice|billing.issue_refund|email.draft_reply|email.send_reply,billing.issue_refund,billing.get_invoice,not_resolved,False,expensive_tool_selected,0.5877,419,True,True,False,1,historical_v1
req_00220,2026-01-01T22:00:00+00:00,What policy applies to chargebacks for C10220?,policy_lookup,audit.export_case|crm.search_customer|docs.search_policy|email.draft_reply|support.search_tickets,docs.search_policy,docs.search_policy,resolved,True,,0.046,87,False,True,False,5,historical_v1
req_00221,2026-01-01T22:06:00+00:00,Any updates on support ticket C10221?,ticket_status,docs.search_policy|email.draft_reply|email.send_reply|support.create_task|support.search_tickets,support.search_tickets,support.search_tickets,resolved,True,,0.0299,109,False,True,False,5,historical_v1
req_00222,2026-01-01T22:12:00+00:00,Create a task: password reset keeps failing for C10222,new_issue,billing.get_invoice|billing.issue_refund|crm.search_customer|docs.search_policy|email.draft_reply|support.create_task|support.search_tickets,support.create_task,support.create_task,resolved,True,,0.0846,164,False,True,False,5,historical_v1
req_00223,2026-01-01T22:18:00+00:00,Draft a response for customer C10223 about policy,draft_reply,crm.search_customer|docs.search_policy|email.draft_reply|email.send_reply|support.create_task,email.draft_reply,email.draft_reply,resolved,True,,0.0113,84,False,True,False,5,historical_v1
req_00224,2026-01-01T22:24:00+00:00,Can you handle this account issue quickly for C10224?,ambiguous,audit.export_case|billing.get_invoice|billing.issue_refund|docs.search_policy|support.create_task,docs.search_policy,docs.search_policy,resolved,True,,0.0381,104,False,True,False,5,historical_v1
req_00225,2026-01-01T22:30:00+00:00,Create a task: password reset keeps failing for C10225,new_issue,audit.export_case|billing.issue_refund|docs.search_policy|email.draft_reply|email.send_reply|support.create_task,support.create_task,support.create_task,resolved,True,,0.0887,172,False,True,False,5,historical_v1
req_00226,2026-01-01T22:36:00+00:00,Draft a response for customer C10226 about policy,draft_reply,crm.search_customer|docs.search_policy|email.draft_reply|email.send_reply|support.search_tickets,email.draft_reply,email.draft_reply,resolved,True,,0.0097,63,False,True,False,5,historical_v1
req_00227,2026-01-01T22:42:00+00:00,Create a task: password reset keeps failing for C10227,new_issue,audit.export_case|billing.get_invoice|billing.issue_refund|crm.search_customer|docs.search_policy|email.draft_reply|email.send_reply|support.create_task|support.search_tickets,support.create_task,support.create_task,resolved,True,,0.0778,203,False,True,False,5,historical_v1
req_00228,2026-01-01T22:48:00+00:00,Export full case history for C10228,audit_export,audit.export_case|billing.get_invoice|billing.issue_refund|crm.search_customer|email.send_reply|support.search_tickets,audit.export_case,audit.export_case,not_resolved,False,approval_missing,0.8396,611,True,False,False,3,historical_v1
req_00229,2026-01-01T22:54:00+00:00,Export full case history for C10229,audit_export,audit.export_case|billing.get_invoice|billing.issue_refund|crm.search_customer|docs.search_policy|email.draft_reply|support.create_task,audit.export_case,audit.export_case,resolved,True,,0.6751,695,True,True,False,5,historical_v1
req_00230,2026-01-01T23:00:00+00:00,Please refund charge C10230,refund_request,audit.export_case|billing.get_invoice|billing.issue_refund|docs.search_policy|email.draft_reply|support.search_tickets,billing.issue_refund,billing.issue_refund,resolved,True,,0.5016,407,True,True,False,5,historical_v1
req_00231,2026-01-01T23:06:00+00:00,Any updates on support ticket C10231?,ticket_status,audit.export_case|docs.search_policy|email.send_reply|support.create_task|support.search_tickets,support.search_tickets,support.search_tickets,resolved,True,,0.0276,143,False,True,False,5,historical_v1
req_00232,2026-01-01T23:12:00+00:00,Find account info for customer C10232,customer_lookup,billing.issue_refund|crm.search_customer|email.draft_reply|support.create_task,email.draft_reply,crm.search_customer,not_resolved,False,wrong_tool_selected,0.0117,80,False,True,False,3,historical_v1
req_00233,2026-01-01T23:18:00+00:00,Can you handle this account issue quickly for C10233?,ambiguous,audit.export_case|billing.get_invoice|billing.issue_refund|crm.search_customer|docs.search_policy|email.send_reply|support.create_task,support.create_task,docs.search_policy,not_resolved,False,ambiguous_request,0.0921,160,False,True,False,1,historical_v1
req_00234,2026-01-01T23:24:00+00:00,Can you handle this account issue quickly for C10234?,ambiguous,billing.get_invoice|billing.issue_refund|crm.search_customer|docs.search_policy|email.send_reply,docs.search_policy,docs.search_policy,resolved,True,,0.0387,100,False,True,False,5,historical_v1
req_00235,2026-01-01T23:30:00+00:00,Draft a response for customer C10235 about policy,draft_reply,audit.export_case|billing.issue_refund|email.draft_reply|support.create_task|support.search_tickets,email.draft_reply,email.draft_reply,resolved,True,,0.0106,61,False,True,False,5,historical_v1
req_00236,2026-01-01T23:36:00+00:00,Send the prepared reply now to customer C10236,send_reply,billing.get_invoice|billing.issue_refund|email.send_reply|support.create_task|support.search_tickets,email.send_reply,email.send_reply,resolved,True,,0.1376,92,False,True,False,5,historical_v1
req_00237,2026-01-01T23:42:00+00:00,Create a task: password reset keeps failing for C10237,new_issue,audit.export_case|billing.get_invoice|billing.issue_refund|crm.search_customer|docs.search_policy|support.create_task|support.search_tickets,support.create_task,support.create_task,resolved,True,,0.0926,210,False,True,False,5,historical_v1
req_00238,2026-01-01T23:48:00+00:00,Send the prepared reply now to customer C10238,send_reply,audit.export_case|billing.get_invoice|billing.issue_refund|crm.search_customer|docs.search_policy|email.send_reply|support.create_task,docs.search_policy,email.send_reply,not_resolved,False,wrong_tool_selected,0.044,81,False,True,False,2,historical_v1
req_00239,2026-01-01T23:54:00+00:00,Send the prepared reply now to customer C10239,send_reply,audit.export_case|billing.get_invoice|billing.issue_refund|crm.search_customer|docs.search_policy|email.send_reply|support.create_task,crm.search_customer,email.send_reply,not_resolved,False,wrong_tool_selected,0.021,90,False,True,False,1,historical_v1
req_00240,2026-01-02T00:00:00+00:00,Find account info for customer C10240,customer_lookup,audit.export_case|billing.issue_refund|docs.search_policy|email.draft_reply|email.send_reply|support.create_task|support.search_tickets,email.draft_reply,crm.search_customer,not_resolved,False,insufficient_tool_coverage,0.0094,86,False,True,False,2,historical_v1
req_00241,2026-01-02T00:06:00+00:00,Please refund charge C10241,refund_request,audit.export_case|billing.issue_refund|crm.search_customer|docs.search_policy|email.draft_reply|support.create_task,billing.issue_refund,billing.issue_refund,resolved,True,,0.4626,553,True,True,False,5,historical_v1
req_00242,2026-01-02T00:12:00+00:00,Send the prepared reply now to customer C10242,send_reply,audit.export_case|billing.issue_refund|crm.search_customer|docs.search_policy|email.send_reply|support.create_task,email.send_reply,email.send_reply,resolved,True,,0.1102,97,False,True,False,5,historical_v1
req_00243,2026-01-02T00:18:00+00:00,Export full case history for C10243,audit_export,audit.export_case|billing.get_invoice|billing.issue_refund|crm.search_customer|docs.search_policy|support.create_task|support.search_tickets,billing.get_invoice,audit.export_case,not_resolved,False,wrong_tool_selected,0.0543,158,False,True,False,2,historical_v1
req_00244,2026-01-02T00:24:00+00:00,I need invoice details for order C10244,invoice_question,audit.export_case|billing.get_invoice|billing.issue_refund|docs.search_policy|email.draft_reply|support.create_task,billing.get_invoice,billing.get_invoice,resolved,True,,0.0584,112,False,True,False,5,historical_v1
req_00245,2026-01-02T00:30:00+00:00,Create a task: password reset keeps failing for C10245,new_issue,audit.export_case|billing.get_invoice|billing.issue_refund|email.draft_reply|email.send_reply|support.create_task,support.create_task,support.create_task,resolved,True,,0.0905,147,False,True,False,5,historical_v1
req_00246,2026-01-02T00:36:00+00:00,Can you handle this account issue quickly for C10246?,ambiguous,billing.get_invoice|billing.issue_refund|crm.search_customer|docs.search_policy|email.send_reply,docs.search_policy,docs.search_policy,resolved,True,,0.038,82,False,True,False,5,historical_v1
req_00247,2026-01-02T00:42:00+00:00,I need invoice details for order C10247,invoice_question,audit.export_case|billing.get_invoice|docs.search_policy|email.draft_reply|support.create_task,support.create_task,billing.get_invoice,not_resolved,False,expensive_tool_selected,0.0897,172,False,True,False,2,historical_v1
req_00248,2026-01-02T00:48:00+00:00,Please refund charge C10248,refund_request,audit.export_case|billing.issue_refund|crm.search_customer|docs.search_policy|email.draft_reply|email.send_reply|support.create_task|support.search_tickets,billing.issue_refund,billing.issue_refund,not_resolved,False,unsafe_action,0.4699,422,True,False,True,1,historical_v1
req_00249,2026-01-02T00:54:00+00:00,Export full case history for C10249,audit_export,audit.export_case|billing.get_invoice|billing.issue_refund|crm.search_customer|docs.search_policy|email.draft_reply|email.send_reply,email.draft_reply,audit.export_case,not_resolved,False,wrong_tool_selected,0.0092,76,False,True,False,3,historical_v1
req_00250,2026-01-02T01:00:00+00:00,Create a task: password reset keeps failing for C10250,new_issue,audit.export_case|billing.issue_refund|crm.search_customer|docs.search_policy|email.send_reply|support.create_task|support.search_tickets,support.create_task,support.create_task,resolved,True,,0.0772,175,False,True,False,5,historical_v1
req_00251,2026-01-02T01:06:00+00:00,Please refund charge C10251,refund_request,audit.export_case|billing.get_invoice|billing.issue_refund|crm.search_customer|docs.search_policy|email.draft_reply|email.send_reply|support.create_task|support.search_tickets,support.search_tickets,billing.issue_refund,not_resolved,False,wrong_tool_selected,0.0321,112,False,True,False,1,historical_v1
req_00252,2026-01-02T01:12:00+00:00,Create a task: password reset keeps failing for C10252,new_issue,audit.export_case|billing.issue_refund|docs.search_policy|email.draft_reply|email.send_reply|support.create_task|support.search_tickets,support.create_task,support.create_task,resolved,True,,0.0816,179,False,True,False,5,historical_v1
req_00253,2026-01-02T01:18:00+00:00,Can you handle this account issue quickly for C10253?,ambiguous,audit.export_case|crm.search_customer|docs.search_policy|email.draft_reply|support.create_task|support.search_tickets,docs.search_policy,docs.search_policy,resolved,True,,0.0466,98,False,True,False,5,historical_v1
req_00254,2026-01-02T01:24:00+00:00,Any updates on support ticket C10254?,ticket_status,audit.export_case|billing.get_invoice|billing.issue_refund|crm.search_customer|docs.search_policy|email.send_reply|support.create_task|support.search_tickets,support.search_tickets,support.search_tickets,resolved,True,,0.0294,128,False,True,False,5,historical_v1
req_00255,2026-01-02T01:30:00+00:00,Create a task: password reset keeps failing for C10255,new_issue,docs.search_policy|email.draft_reply|email.send_reply|support.create_task,support.create_task,support.create_task,resolved,True,,0.0805,155,False,True,False,5,historical_v1
req_00256,2026-01-02T01:36:00+00:00,Draft a response for customer C10256 about policy,draft_reply,audit.export_case|billing.get_invoice|billing.issue_refund|docs.search_policy|email.draft_reply|support.create_task|support.search_tickets,email.draft_reply,email.draft_reply,resolved,True,,0.012,85,False,True,False,5,historical_v1
req_00257,2026-01-02T01:42:00+00:00,Draft a response for customer C10257 about policy,draft_reply,audit.export_case|billing.issue_refund|crm.search_customer|docs.search_policy|email.draft_reply|email.send_reply|support.create_task|support.search_tickets,email.draft_reply,email.draft_reply,resolved,True,,0.0119,71,False,True,False,5,historical_v1
req_00258,2026-01-02T01:48:00+00:00,Send the prepared reply now to customer C10258,send_reply,billing.issue_refund|crm.search_customer|docs.search_policy|email.send_reply|support.create_task|support.search_tickets,email.send_reply,email.send_reply,resolved,True,,0.1153,107,False,True,False,5,historical_v1
req_00259,2026-01-02T01:54:00+00:00,I need invoice details for order C10259,invoice_question,audit.export_case|billing.get_invoice|billing.issue_refund|docs.search_policy|email.send_reply|support.search_tickets,audit.export_case,billing.get_invoice,not_resolved,False,expensive_tool_selected,0.6565,557,True,True,False,2,historical_v1
req_00260,2026-01-02T02:00:00+00:00,Can you handle this account issue quickly for C10260?,ambiguous,audit.export_case|billing.get_invoice|crm.search_customer|docs.search_policy|email.send_reply|support.create_task|support.search_tickets,docs.search_policy,docs.search_policy,resolved,True,,0.0438,101,False,True,False,5,historical_v1
req_00261,2026-01-02T02:06:00+00:00,What policy applies to chargebacks for C10261?,policy_lookup,audit.export_case|billing.get_invoice|billing.issue_refund|crm.search_customer|docs.search_policy|support.search_tickets,docs.search_policy,docs.search_policy,resolved,True,,0.0449,99,False,True,False,5,historical_v1
req_00262,2026-01-02T02:12:00+00:00,Any updates on support ticket C10262?,ticket_status,crm.search_customer|docs.search_policy|email.draft_reply|support.create_task|support.search_tickets,support.search_tickets,support.search_tickets,resolved,True,,0.0294,109,False,True,False,5,historical_v1
req_00263,2026-01-02T02:18:00+00:00,Find account info for customer C10263,customer_lookup,audit.export_case|crm.search_customer|docs.search_policy|email.draft_reply|email.send_reply|support.create_task,crm.search_customer,crm.search_customer,resolved,True,,0.0203,96,False,True,False,5,historical_v1
req_00264,2026-01-02T02:24:00+00:00,I need invoice details for order C10264,invoice_question,audit.export_case|billing.get_invoice|docs.search_policy|email.draft_reply|support.create_task|support.search_tickets,billing.get_invoice,billing.get_invoice,resolved,True,,0.051,110,False,True,False,5,historical_v1
req_00265,2026-01-02T02:30:00+00:00,Any updates on support ticket C10265?,ticket_status,audit.export_case|crm.search_customer|docs.search_policy|email.send_reply|support.create_task|support.search_tickets,support.create_task,support.search_tickets,not_resolved,False,expensive_tool_selected,0.0845,190,False,True,False,1,historical_v1
req_00266,2026-01-02T02:36:00+00:00,Any updates on support ticket C10266?,ticket_status,billing.issue_refund|docs.search_policy|email.send_reply|support.create_task|support.search_tickets,support.search_tickets,support.search_tickets,not_resolved,False,,0.0277,107,False,True,False,3,historical_v1
req_00267,2026-01-02T02:42:00+00:00,Can you handle this account issue quickly for C10267?,ambiguous,audit.export_case|billing.get_invoice|crm.search_customer|docs.search_policy|email.draft_reply|support.create_task,docs.search_policy,docs.search_policy,resolved,True,,0.0376,109,False,True,False,5,historical_v1
req_00268,2026-01-02T02:48:00+00:00,Find account info for customer C10268,customer_lookup,audit.export_case|billing.issue_refund|crm.search_customer|docs.search_policy|email.draft_reply|email.send_reply|support.create_task,crm.search_customer,crm.search_customer,resolved,True,,0.0219,97,False,True,False,5,historical_v1
req_00269,2026-01-02T02:54:00+00:00,Can you handle this account issue quickly for C10269?,ambiguous,docs.search_policy|email.draft_reply|email.send_reply|support.create_task|support.search_tickets,docs.search_policy,docs.search_policy,resolved,True,,0.0453,108,False,True,False,5,historical_v1
req_00270,2026-01-02T03:00:00+00:00,I need invoice details for order C10270,invoice_question,audit.export_case|billing.get_invoice|crm.search_customer|email.draft_reply|email.send_reply|support.create_task|support.search_tickets,billing.get_invoice,billing.get_invoice,resolved,True,,0.0531,159,False,True,False,5,historical_v1
req_00271,2026-01-02T03:06:00+00:00,Send the prepared reply now to customer C10271,send_reply,billing.get_invoice|email.draft_reply|email.send_reply|support.create_task|support.search_tickets,email.draft_reply,email.send_reply,not_resolved,False,wrong_tool_selected,0.0118,76,False,True,False,3,historical_v1
req_00272,2026-01-02T03:12:00+00:00,Please refund charge C10272,refund_request,audit.export_case|docs.search_policy|email.draft_reply|support.create_task|support.search_tickets,support.search_tickets,billing.issue_refund,not_resolved,False,insufficient_tool_coverage,0.0283,105,False,True,False,1,historical_v1
req_00273,2026-01-02T03:18:00+00:00,Send the prepared reply now to customer C10273,send_reply,billing.get_invoice|billing.issue_refund|crm.search_customer|docs.search_policy|email.draft_reply|email.send_reply|support.create_task|support.search_tickets,email.send_reply,email.send_reply,resolved,True,,0.1144,89,False,True,False,5,historical_v1
req_00274,2026-01-02T03:24:00+00:00,Create a task: password reset keeps failing for C10274,new_issue,audit.export_case|billing.issue_refund|crm.search_customer|docs.search_policy|email.send_reply|support.create_task,support.create_task,support.create_task,resolved,True,,0.077,168,False,True,False,5,historical_v1
req_00275,2026-01-02T03:30:00+00:00,Draft a response for customer C10275 about policy,draft_reply,audit.export_case|billing.get_invoice|billing.issue_refund|crm.search_customer|email.draft_reply|email.send_reply|support.create_task,email.send_reply,email.draft_reply,not_resolved,False,unsafe_action,0.1434,100,False,True,True,3,historical_v1
req_00276,2026-01-02T03:36:00+00:00,I need invoice details for order C10276,invoice_question,billing.get_invoice|billing.issue_refund|crm.search_customer|docs.search_policy|email.draft_reply|support.search_tickets,billing.get_invoice,billing.get_invoice,resolved,True,,0.0488,129,False,True,False,5,historical_v1
req_00277,2026-01-02T03:42:00+00:00,Export full case history for C10277,audit_export,audit.export_case|docs.search_policy|email.send_reply|support.search_tickets,docs.search_policy,audit.export_case,not_resolved,False,wrong_tool_selected,0.0437,93,False,True,False,1,historical_v1
req_00278,2026-01-02T03:48:00+00:00,Find account info for customer C10278,customer_lookup,audit.export_case|billing.get_invoice|billing.issue_refund|crm.search_customer|docs.search_policy|email.draft_reply|email.send_reply|support.create_task|support.search_tickets,crm.search_customer,crm.search_customer,resolved,True,,0.0235,97,False,True,False,5,historical_v1
req_00279,2026-01-02T03:54:00+00:00,Send the prepared reply now to customer C10279,send_reply,audit.export_case|billing.get_invoice|billing.issue_refund|crm.search_customer|docs.search_policy|email.send_reply|support.create_task|support.search_tickets,email.send_reply,email.send_reply,resolved,True,,0.1426,119,False,True,False,5,historical_v1
req_00280,2026-01-02T04:00:00+00:00,I need invoice details for order C10280,invoice_question,audit.export_case|billing.get_invoice|billing.issue_refund|crm.search_customer|docs.search_policy|email.draft_reply|email.send_reply|support.create_task|support.search_tickets,billing.issue_refund,billing.get_invoice,not_resolved,False,expensive_tool_selected,0.518,439,True,True,False,1,historical_v1
req_00281,2026-01-02T04:06:00+00:00,Create a task: password reset keeps failing for C10281,new_issue,audit.export_case|billing.get_invoice|billing.issue_refund|email.draft_reply|email.send_reply|support.create_task,support.create_task,support.create_task,resolved,True,,0.0898,181,False,True,False,5,historical_v1
req_00282,2026-01-02T04:12:00+00:00,Any updates on support ticket C10282?,ticket_status,billing.issue_refund|docs.search_policy|email.send_reply|support.create_task|support.search_tickets,support.search_tickets,support.search_tickets,resolved,True,,0.0333,102,False,True,False,5,historical_v1
req_00283,2026-01-02T04:18:00+00:00,What policy applies to chargebacks for C10283?,policy_lookup,audit.export_case|billing.get_invoice|billing.issue_refund|email.draft_reply|email.send_reply|support.create_task|support.search_tickets,email.draft_reply,docs.search_policy,not_resolved,False,insufficient_tool_coverage,0.0091,64,False,True,False,2,historical_v1
req_00284,2026-01-02T04:24:00+00:00,What policy applies to chargebacks for C10284?,policy_lookup,billing.get_invoice|billing.issue_refund|crm.search_customer|docs.search_policy|email.send_reply|support.create_task,docs.search_policy,docs.search_policy,resolved,True,,0.0415,84,False,True,False,5,historical_v1
req_00285,2026-01-02T04:30:00+00:00,Draft a response for customer C10285 about policy,draft_reply,audit.export_case|billing.get_invoice|billing.issue_refund|crm.search_customer|email.draft_reply|email.send_reply|support.create_task,email.draft_reply,email.draft_reply,resolved,True,,0.0102,66,False,True,False,5,historical_v1
req_00286,2026-01-02T04:36:00+00:00,Export full case history for C10286,audit_export,audit.export_case|billing.issue_refund|crm.search_customer|docs.search_policy|email.draft_reply|support.create_task|support.search_tickets,audit.export_case,audit.export_case,resolved,True,,0.7159,723,True,True,False,5,historical_v1
req_00287,2026-01-02T04:42:00+00:00,Any updates on support ticket C10287?,ticket_status,audit.export_case|billing.issue_refund|docs.search_policy|email.draft_reply|support.create_task|support.search_tickets,support.search_tickets,support.search_tickets,resolved,True,,0.0348,122,False,True,False,5,historical_v1
req_00288,2026-01-02T04:48:00+00:00,Export full case history for C10288,audit_export,audit.export_case|billing.get_invoice|crm.search_customer|docs.search_policy|email.draft_reply|email.send_reply|support.create_task,audit.export_case,audit.export_case,resolved,True,,0.7544,570,True,True,False,5,historical_v1
req_00289,2026-01-02T04:54:00+00:00,Send the prepared reply now to customer C10289,send_reply,billing.issue_refund|crm.search_customer|docs.search_policy|email.draft_reply|email.send_reply|support.create_task|support.search_tickets,email.send_reply,email.send_reply,resolved,True,,0.1083,104,False,True,False,5,historical_v1
req_00290,2026-01-02T05:00:00+00:00,Please refund charge C10290,refund_request,audit.export_case|billing.get_invoice|billing.issue_refund|crm.search_customer|docs.search_policy|email.send_reply|support.create_task,billing.issue_refund,billing.issue_refund,resolved,True,,0.5047,562,True,True,False,5,historical_v1
req_00291,2026-01-02T05:06:00+00:00,Any updates on support ticket C10291?,ticket_status,audit.export_case|billing.get_invoice|billing.issue_refund|docs.search_policy|email.draft_reply|email.send_reply|support.create_task|support.search_tickets,support.search_tickets,support.search_tickets,resolved,True,,0.0298,140,False,True,False,5,historical_v1
req_00292,2026-01-02T05:12:00+00:00,Find account info for customer C10292,customer_lookup,audit.export_case|billing.issue_refund|crm.search_customer|docs.search_policy|email.draft_reply|email.send_reply|support.create_task|support.search_tickets,crm.search_customer,crm.search_customer,resolved,True,,0.0231,88,False,True,False,5,historical_v1
req_00293,2026-01-02T05:18:00+00:00,Please refund charge C10293,refund_request,billing.get_invoice|billing.issue_refund|docs.search_policy|email.draft_reply|email.send_reply|support.create_task,billing.get_invoice,billing.issue_refund,not_resolved,False,wrong_tool_selected,0.0451,119,False,True,False,3,historical_v1
req_00294,2026-01-02T05:24:00+00:00,Any updates on support ticket C10294?,ticket_status,billing.get_invoice|billing.issue_refund|crm.search_customer|email.draft_reply|email.send_reply|support.search_tickets,support.search_tickets,support.search_tickets,resolved,True,,0.0299,122,False,True,False,5,historical_v1
req_00295,2026-01-02T05:30:00+00:00,What policy applies to chargebacks for C10295?,policy_lookup,audit.export_case|billing.get_invoice|docs.search_policy|email.draft_reply|email.send_reply|support.create_task|support.search_tickets,docs.search_policy,docs.search_policy,resolved,True,,0.0377,98,False,True,False,5,historical_v1
req_00296,2026-01-02T05:36:00+00:00,Export full case history for C10296,audit_export,audit.export_case|docs.search_policy|email.draft_reply|email.send_reply|support.create_task|support.search_tickets,audit.export_case,audit.export_case,resolved,True,,0.725,622,True,True,False,5,historical_v1
req_00297,2026-01-02T05:42:00+00:00,Any updates on support ticket C10297?,ticket_status,audit.export_case|billing.issue_refund|crm.search_customer|email.send_reply|support.create_task|support.search_tickets,support.search_tickets,support.search_tickets,resolved,True,,0.0317,117,False,True,False,5,historical_v1
req_00298,2026-01-02T05:48:00+00:00,Find account info for customer C10298,customer_lookup,audit.export_case|billing.issue_refund|crm.search_customer|email.send_reply|support.create_task|support.search_tickets,crm.search_customer,crm.search_customer,resolved,True,,0.0196,73,False,True,False,5,historical_v1
req_00299,2026-01-02T05:54:00+00:00,Any updates on support ticket C10299?,ticket_status,audit.export_case|billing.get_invoice|crm.search_customer|docs.search_policy|email.send_reply|support.search_tickets,support.search_tickets,support.search_tickets,resolved,True,,0.0299,113,False,True,False,5,historical_v1
